,trades,Total return,Average Gain,Average Loss,勝率,Average gain and profit,average holding period
ANSYS,7,-1.69,8.81,-3.6,0.2857142857142857,-0.05363327808214047,23.8
ANSS,7,-1.69,8.81,-3.6,0.2857142857142857,-0.05363327808214047,23.8
